{"loan_amnt": {"variable": {"0": "loan_amnt", "1": "loan_amnt", "2": "loan_amnt", "3": "loan_amnt"}, "bin": {"0": "[-inf,3500.0)", "1": "[3500.0,13000.0)", "2": "[13000.0,18500.0)", "3": "[18500.0,inf)"}, "count": {"0": 3064, "1": 14275, "2": 3085, "3": 2358}, "count_distr": {"0": 0.134492142919849, "1": 0.6265911684663331, "2": 0.1354139232727592, "3": 0.10350276534105873}, "good": {"0": 2406, "1": 11606, "2": 2264, "3": 1534}, "bad": {"0": 658, "1": 2669, "2": 821, "3": 824}, "badprob": {"0": 0.21475195822454307, "1": 0.18697022767075305, "2": 0.2661264181523501, "3": 0.34944868532654794}, "woe": {"0": -0.02057804155620124, "1": -0.1938804116929238, "2": 0.2615725937824603, "3": 0.6544744716353759}, "bin_iv": {"0": 5.662118849556982e-05, "1": 0.02226721541740423, "2": 0.009941093258244816, "3": 0.05209400187460797}, "total_iv": {"0": 0.08435893173875258, "1": 0.08435893173875258, "2": 0.08435893173875258, "3": 0.08435893173875258}, "breaks": {"0": "3500.0", "1": "13000.0", "2": "18500.0", "3": "inf"}, "is_special_values": {"0": false, "1": false, "2": false, "3": false}}, "loan_int_rate": {"variable": {"0": "loan_int_rate", "1": "loan_int_rate", "2": "loan_int_rate"}, "bin": {"0": "[-inf,9.5)", "1": "[9.5,14.0)", "2": "[14.0,inf)"}, "count": {"0": 9137, "1": 9763, "2": 3882}, "count_distr": {"0": 0.4010622421209727, "1": 0.42854007549820033, "2": 0.17039768238082698}, "good": {"0": 8001, "1": 7962, "2": 1847}, "bad": {"0": 1136, "1": 1801, "2": 2035}, "badprob": {"0": 0.12432964868118639, "1": 0.18447198606985557, "2": 0.524214322514168}, "woe": {"0": -0.6761152899159217, "1": -0.2104002347312008, "2": 1.3728710413305611}, "bin_iv": {"0": 0.14926091099366842, "1": 0.017846934463830358, "2": 0.4195305161785698}, "total_iv": {"0": 0.5866383616360686, "1": 0.5866383616360686, "2": 0.5866383616360686}, "breaks": {"0": "9.5", "1": "14.0", "2": "inf"}, "is_special_values": {"0": false, "1": false, "2": false}}, "person_income": {"variable": {"0": "person_income", "1": "person_income", "2": "person_income", "3": "person_income"}, "bin": {"0": "[-inf,35000.0)", "1": "[35000.0,60000.0)", "2": "[60000.0,80000.0)", "3": "[80000.0,inf)"}, "count": {"0": 4363, "1": 7994, "2": 4780, "3": 5645}, "count_distr": {"0": 0.19151084189272233, "1": 0.35089105434114654, "2": 0.20981476604336757, "3": 0.2477833377227636}, "good": {"0": 2396, "1": 6208, "2": 4061, "3": 5145}, "bad": {"0": 1967, "1": 1786, "2": 719, "3": 500}, "badprob": {"0": 0.45083658033463214, "1": 0.2234175631723793, "2": 0.150418410041841, "3": 0.08857395925597875}, "woe": {"0": 1.0786467828068247, "1": 0.030077623226495282, "2": -0.45538524631214544, "3": -1.0552346261928527}, "bin_iv": {"0": 0.28161772322828416, "1": 0.00032012711554158896, "2": 0.03798284205709602, "3": 0.1987212535320133}, "total_iv": {"0": 0.518641945932935, "1": 0.518641945932935, "2": 0.518641945932935, "3": 0.518641945932935}, "breaks": {"0": "35000.0", "1": "60000.0", "2": "80000.0", "3": "inf"}, "is_special_values": {"0": false, "1": false, "2": false, "3": false}}, "loan_percent_income": {"variable": {"0": "loan_percent_income", "1": "loan_percent_income", "2": "loan_percent_income"}, "bin": {"0": "[-inf,0.16)", "1": "[0.16,0.31)", "2": "[0.31,inf)"}, "count": {"0": 11968, "1": 8107, "2": 2707}, "count_distr": {"0": 0.5253270125537706, "1": 0.3558511105258537, "2": 0.11882187692037574}, "good": {"0": 10549, "1": 6481, "2": 780}, "bad": {"0": 1419, "1": 1626, "2": 1927}, "badprob": {"0": 0.11856617647058823, "1": 0.20056741087948687, "2": 0.7118581455485777}, "woe": {"0": -0.7301407468686606, "1": -0.10681388466685439, "2": 2.1803636723838347}, "bin_iv": {"0": 0.22408710396578327, "1": 0.003937727136153084, "2": 0.7495540282092203}, "total_iv": {"0": 0.9775788593111567, "1": 0.9775788593111567, "2": 0.9775788593111567}, "breaks": {"0": "0.16", "1": "0.31", "2": "inf"}, "is_special_values": {"0": false, "1": false, "2": false}}, "person_home_ownership": {"variable": {"0": "person_home_ownership", "1": "person_home_ownership", "2": "person_home_ownership"}, "bin": {"0": "OWN", "1": "MORTGAGE", "2": "OTHER%,%RENT"}, "count": {"0": 1785, "1": 9405, "2": 11592}, "count_distr": {"0": 0.07835132999736634, "1": 0.41282591519620754, "2": 0.5088227548064261}, "good": {"0": 1653, "1": 8227, "2": 7930}, "bad": {"0": 132, "1": 1178, "2": 3662}, "badprob": {"0": 0.07394957983193277, "1": 0.12525252525252525, "2": 0.31590752242926157}, "woe": {"0": -1.2516072515815477, "1": -0.6676654193042927, "2": 0.503294334258668}, "bin_iv": {"0": 0.08293694576660403, "1": 0.1502278634691531, "2": 0.14659406913105838}, "total_iv": {"0": 0.3797588783668155, "1": 0.3797588783668155, "2": 0.3797588783668155}, "breaks": {"0": "OWN", "1": "MORTGAGE", "2": "OTHER%,%RENT"}, "is_special_values": {"0": false, "1": false, "2": false}}, "loan_grade": {"variable": {"0": "loan_grade", "1": "loan_grade", "2": "loan_grade", "3": "loan_grade"}, "bin": {"0": "A", "1": "B", "2": "C", "3": "D%,%E%,%F%,%G"}, "count": {"0": 7547, "1": 7314, "2": 4500, "3": 3421}, "count_distr": {"0": 0.3312703011149153, "1": 0.3210429286278641, "2": 0.19752436133789833, "3": 0.15016240891932228}, "good": {"0": 6802, "1": 6127, "2": 3562, "3": 1319}, "bad": {"0": 745, "1": 1187, "2": 938, "3": 2102}, "badprob": {"0": 0.09871472108122432, "1": 0.1622914957615532, "2": 0.20844444444444443, "3": 0.6144402221572639}, "woe": {"0": -0.9356498235344756, "1": -0.3653381944628809, "2": -0.05838959119027678, "3": 1.7419533223726875}, "bin_iv": {"0": 0.2171467062776751, "1": 0.03846400582379102, "2": 0.0006623437134214837, "3": 0.6074330258030913}, "total_iv": {"0": 0.8637060816179789, "1": 0.8637060816179789, "2": 0.8637060816179789, "3": 0.8637060816179789}, "breaks": {"0": "A", "1": "B", "2": "C", "3": "D%,%E%,%F%,%G"}, "is_special_values": {"0": false, "1": false, "2": false, "3": false}}, "loan_intent": {"variable": {"0": "loan_intent", "1": "loan_intent", "2": "loan_intent"}, "bin": {"0": "VENTURE%,%EDUCATION", "1": "PERSONAL", "2": "HOMEIMPROVEMENT%,%MEDICAL%,%DEBTCONSOLIDATION"}, "count": {"0": 8499, "1": 3849, "2": 10434}, "count_distr": {"0": 0.3730576771135107, "1": 0.16894917039768237, "2": 0.45799315248880695}, "good": {"0": 7145, "1": 3080, "2": 7585}, "bad": {"0": 1354, "1": 769, "2": 2849}, "badprob": {"0": 0.15931286033651018, "1": 0.19979215380618343, "2": 0.2730496453900709}, "woe": {"0": -0.387411713238642, "1": -0.11165598280887062, "2": 0.2967333663683812}, "bin_iv": {"0": 0.04991958482827308, "1": 0.0020400019435846653, "2": 0.04365675258576513}, "total_iv": {"0": 0.09561633935762287, "1": 0.09561633935762287, "2": 0.09561633935762287}, "breaks": {"0": "VENTURE%,%EDUCATION", "1": "PERSONAL", "2": "HOMEIMPROVEMENT%,%MEDICAL%,%DEBTCONSOLIDATION"}, "is_special_values": {"0": false, "1": false, "2": false}}, "cb_person_default_on_file": {"variable": {"0": "cb_person_default_on_file", "1": "cb_person_default_on_file"}, "bin": {"0": "N", "1": "Y"}, "count": {"0": 18743, "1": 4039}, "count_distr": {"0": 0.8227109121236064, "1": 0.17728908787639364}, "good": {"0": 15291, "1": 2519}, "bad": {"0": 3452, "1": 1520}, "badprob": {"0": 0.18417542549218374, "1": 0.3763307749442931}, "woe": {"0": -0.21237272315172726, "1": 0.7707862611408174}, "bin_iv": {"0": 0.03488744253387043, "1": 0.12662059888093688}, "total_iv": {"0": 0.16150804141480732, "1": 0.16150804141480732}, "breaks": {"0": "N", "1": "Y"}, "is_special_values": {"0": false, "1": false}}}